image_name,label
239.jpg,3
572.jpg,5
271.jpg,5
463.jpg,0
314.jpg,5
176.jpg,5
355.jpg,1
241.jpg,0
651.jpg,4
387.jpg,5
641.jpg,4
521.jpg,3
251.jpg,0
70.jpg,5
51.jpg,1
115.jpg,0
199.jpg,0
632.jpg,3
220.jpg,3
321.jpg,0
381.jpg,0
36.jpg,1
518.jpg,3
671.jpg,5
102.jpg,1
489.jpg,4
305.jpg,1
654.jpg,4
372.jpg,3
85.jpg,4
242.jpg,3
504.jpg,1
466.jpg,1
580.jpg,0
614.jpg,5
217.jpg,0
69.jpg,5
161.jpg,5
552.jpg,4
145.jpg,4
595.jpg,4
196.jpg,4
525.jpg,1
507.jpg,1
178.jpg,4
156.jpg,2
60.jpg,2
584.jpg,5
512.jpg,3
33.jpg,0
20.jpg,4
620.jpg,5
546.jpg,0
418.jpg,3
553.jpg,5
281.jpg,5
561.jpg,5
329.jpg,3
661.jpg,3
349.jpg,3
128.jpg,5
131.jpg,5
618.jpg,0
601.jpg,5
294.jpg,2
639.jpg,1
84.jpg,2
235.jpg,3
330.jpg,1
541.jpg,4
390.jpg,1
494.jpg,0
1.jpg,4
9.jpg,5
515.jpg,2
453.jpg,1
628.jpg,5
631.jpg,1
307.jpg,2
370.jpg,5
616.jpg,4
650.jpg,5
436.jpg,2
12.jpg,3
228.jpg,3
449.jpg,1
310.jpg,0
571.jpg,5
123.jpg,2
575.jpg,5
274.jpg,5
573.jpg,1
308.jpg,0
604.jpg,5
341.jpg,5
513.jpg,1
28.jpg,1
365.jpg,4
562.jpg,4
42.jpg,2
683.jpg,5
205.jpg,1
157.jpg,1
514.jpg,2
393.jpg,0
216.jpg,4
45.jpg,3
579.jpg,1
313.jpg,3
302.jpg,1
649.jpg,1
555.jpg,3
344.jpg,5
181.jpg,4
509.jpg,5
10.jpg,5
379.jpg,5
511.jpg,5
34.jpg,5
159.jpg,3
291.jpg,4
594.jpg,1
467.jpg,3
240.jpg,5
229.jpg,0
340.jpg,1
2.jpg,1
261.jpg,5
183.jpg,5
299.jpg,5
663.jpg,3
318.jpg,4
146.jpg,1
660.jpg,1
317.jpg,5
245.jpg,0
237.jpg,1
487.jpg,5
116.jpg,4
679.jpg,4
297.jpg,3
39.jpg,3
285.jpg,5
439.jpg,0
57.jpg,5
626.jpg,0
66.jpg,5
587.jpg,5
392.jpg,3
498.jpg,1
668.jpg,0
399.jpg,5
323.jpg,4
190.jpg,5
168.jpg,1
40.jpg,1
81.jpg,1
492.jpg,1
247.jpg,1
565.jpg,1
544.jpg,5
655.jpg,1
371.jpg,4
673.jpg,1
267.jpg,1
293.jpg,5
334.jpg,3
296.jpg,0
37.jpg,4
606.jpg,5
537.jpg,1
664.jpg,4
272.jpg,5
593.jpg,4
536.jpg,5
71.jpg,4
423.jpg,1
171.jpg,5
472.jpg,1
342.jpg,4
249.jpg,5
258.jpg,4
292.jpg,1
560.jpg,5
503.jpg,0
276.jpg,1
563.jpg,4
569.jpg,1
306.jpg,4
236.jpg,0
209.jpg,1
361.jpg,5
669.jpg,1
672.jpg,1
373.jpg,5
8.jpg,4
219.jpg,4
533.jpg,0
364.jpg,4
383.jpg,0
442.jpg,5
213.jpg,3
431.jpg,5
407.jpg,5
290.jpg,0
435.jpg,0
473.jpg,0
576.jpg,4
686.jpg,1
188.jpg,4
197.jpg,3
479.jpg,5
461.jpg,0
234.jpg,4
336.jpg,2
448.jpg,5
369.jpg,0
615.jpg,4
119.jpg,1
624.jpg,1
627.jpg,2
332.jpg,0
25.jpg,1
501.jpg,1
262.jpg,5
542.jpg,3
76.jpg,5
177.jpg,5
320.jpg,3
158.jpg,5
250.jpg,4
80.jpg,2
445.jpg,1
597.jpg,3
107.jpg,5
493.jpg,5
532.jpg,0
191.jpg,2
360.jpg,1
335.jpg,0
547.jpg,3
90.jpg,3
233.jpg,3
598.jpg,2
231.jpg,3
357.jpg,0
666.jpg,1
210.jpg,3
264.jpg,2
151.jpg,5
208.jpg,5
358.jpg,5
550.jpg,4
585.jpg,0
566.jpg,1
635.jpg,3
459.jpg,2
265.jpg,4
41.jpg,5
182.jpg,1
248.jpg,1
75.jpg,5
497.jpg,3
480.jpg,5
179.jpg,1
141.jpg,1
256.jpg,4
645.jpg,4
124.jpg,4
401.jpg,2
581.jpg,5
173.jpg,2
451.jpg,1
126.jpg,5
403.jpg,5
468.jpg,3
160.jpg,0
592.jpg,5
422.jpg,1
315.jpg,5
502.jpg,1
377.jpg,3
505.jpg,4
368.jpg,4
88.jpg,3
444.jpg,2
443.jpg,0
350.jpg,1
77.jpg,5
638.jpg,3
441.jpg,1
427.jpg,4
570.jpg,5
454.jpg,1
309.jpg,1
684.jpg,1
396.jpg,4
610.jpg,1
548.jpg,0
362.jpg,3
409.jpg,3
531.jpg,0
104.jpg,5
333.jpg,1
203.jpg,1
99.jpg,1
103.jpg,1
15.jpg,5
110.jpg,3
675.jpg,1
346.jpg,3
665.jpg,5
450.jpg,0
7.jpg,3
270.jpg,4
633.jpg,3
540.jpg,3
652.jpg,5
172.jpg,5
648.jpg,2
312.jpg,1
590.jpg,4
125.jpg,4
49.jpg,4
583.jpg,1
118.jpg,5
474.jpg,1
64.jpg,1
534.jpg,1
659.jpg,0
375.jpg,2
27.jpg,2
100.jpg,5
48.jpg,3
380.jpg,1
388.jpg,1
457.jpg,1
599.jpg,4
510.jpg,2
535.jpg,3
193.jpg,5
677.jpg,1
410.jpg,5
477.jpg,3
524.jpg,2
642.jpg,4
319.jpg,5
17.jpg,4
268.jpg,5
549.jpg,2
132.jpg,4
637.jpg,4
622.jpg,4
18.jpg,2
13.jpg,4
164.jpg,0
559.jpg,5
79.jpg,5
195.jpg,0
574.jpg,3
289.jpg,4
516.jpg,5
470.jpg,1
175.jpg,1
252.jpg,1
93.jpg,1
484.jpg,1
111.jpg,1
469.jpg,1
61.jpg,5
545.jpg,5
92.jpg,5
298.jpg,5
402.jpg,1
352.jpg,4
221.jpg,3
201.jpg,4
328.jpg,4
316.jpg,3
244.jpg,0
189.jpg,4
24.jpg,1
495.jpg,2
44.jpg,1
424.jpg,0
152.jpg,0
150.jpg,2
482.jpg,4
612.jpg,0
625.jpg,4
578.jpg,5
591.jpg,0
275.jpg,4
6.jpg,3
301.jpg,4
162.jpg,1
3.jpg,3
433.jpg,1
58.jpg,5
287.jpg,1
14.jpg,4
144.jpg,1
447.jpg,1
419.jpg,5
153.jpg,0
279.jpg,5
609.jpg,1
147.jpg,3
476.jpg,4
646.jpg,4
478.jpg,5
530.jpg,1
667.jpg,1
96.jpg,4
230.jpg,5
148.jpg,3
354.jpg,0
640.jpg,3
166.jpg,1
322.jpg,3
108.jpg,1
658.jpg,0
283.jpg,0
682.jpg,4
434.jpg,4
464.jpg,1
174.jpg,5
192.jpg,5
194.jpg,3
259.jpg,0
180.jpg,1
475.jpg,5
543.jpg,3
222.jpg,5
519.jpg,3
149.jpg,4
282.jpg,5
414.jpg,1
288.jpg,2
605.jpg,4
215.jpg,2
438.jpg,3
109.jpg,5
300.jpg,2
488.jpg,0
577.jpg,4
588.jpg,1
678.jpg,1
608.jpg,1
211.jpg,3
86.jpg,5
674.jpg,2
558.jpg,5
458.jpg,1
343.jpg,4
382.jpg,0
617.jpg,1
5.jpg,5
198.jpg,3
520.jpg,5
30.jpg,3
214.jpg,0
26.jpg,3
21.jpg,3
670.jpg,0
227.jpg,3
95.jpg,2
395.jpg,1
284.jpg,4
255.jpg,0
254.jpg,4
52.jpg,3
485.jpg,4
412.jpg,5
384.jpg,0
212.jpg,3
366.jpg,3
277.jpg,5
169.jpg,1
74.jpg,2
657.jpg,0
232.jpg,4
411.jpg,2
425.jpg,1
67.jpg,0
568.jpg,4
273.jpg,1
430.jpg,3
29.jpg,4
556.jpg,4
224.jpg,1
589.jpg,1
426.jpg,4
491.jpg,4
63.jpg,3
331.jpg,3
539.jpg,1
499.jpg,5
113.jpg,0
253.jpg,5
557.jpg,1
460.jpg,5
155.jpg,1
538.jpg,1
187.jpg,0
586.jpg,3
596.jpg,5
471.jpg,4
522.jpg,0
356.jpg,1
326.jpg,2
348.jpg,3
78.jpg,3
53.jpg,5
226.jpg,3
415.jpg,1
23.jpg,4
564.jpg,2
257.jpg,4
644.jpg,5
243.jpg,1
437.jpg,4
154.jpg,4
687.jpg,4
600.jpg,5
223.jpg,3
134.jpg,2
528.jpg,4
207.jpg,4
121.jpg,4
462.jpg,1
97.jpg,2
526.jpg,3
613.jpg,5
218.jpg,1
413.jpg,4
200.jpg,1
68.jpg,5
112.jpg,2
129.jpg,5
500.jpg,2
681.jpg,4
31.jpg,4
73.jpg,0
397.jpg,1
260.jpg,4
416.jpg,2
136.jpg,5
404.jpg,2
602.jpg,5
170.jpg,0
117.jpg,3
529.jpg,3
65.jpg,5
363.jpg,0
165.jpg,5
0.jpg,4
105.jpg,5
607.jpg,5
266.jpg,3
269.jpg,5
394.jpg,3
106.jpg,1
120.jpg,3
130.jpg,2
46.jpg,4
139.jpg,1
32.jpg,0
486.jpg,2
634.jpg,0
676.jpg,4
311.jpg,4
517.jpg,4
636.jpg,1
582.jpg,3
630.jpg,3
405.jpg,5
386.jpg,0
506.jpg,4
611.jpg,4
490.jpg,1
527.jpg,2
325.jpg,3
16.jpg,5
98.jpg,0
647.jpg,4
662.jpg,3
72.jpg,0
619.jpg,5
428.jpg,1
465.jpg,1
140.jpg,4
135.jpg,3
324.jpg,4
167.jpg,0
101.jpg,1
35.jpg,0
206.jpg,4
62.jpg,5
4.jpg,0
429.jpg,5
452.jpg,0
417.jpg,0
446.jpg,1
456.jpg,0
337.jpg,3
653.jpg,0
238.jpg,0
87.jpg,5
127.jpg,5
82.jpg,0
629.jpg,1
83.jpg,4
421.jpg,1
163.jpg,5
523.jpg,5
184.jpg,3
406.jpg,3
656.jpg,0
353.jpg,1
400.jpg,4
551.jpg,4
94.jpg,1
303.jpg,1
554.jpg,1
246.jpg,4
278.jpg,1
643.jpg,2
143.jpg,5
122.jpg,1
280.jpg,0
455.jpg,4
481.jpg,0
43.jpg,3
202.jpg,3
680.jpg,4
204.jpg,4
327.jpg,1
374.jpg,0
114.jpg,4
398.jpg,5
389.jpg,5
56.jpg,5
621.jpg,1
359.jpg,5
54.jpg,3
376.jpg,4
623.jpg,2
339.jpg,1
11.jpg,5
345.jpg,3
351.jpg,4
295.jpg,3
304.jpg,4
420.jpg,5
391.jpg,4
508.jpg,2
142.jpg,1
19.jpg,4
408.jpg,5
338.jpg,3
22.jpg,5
89.jpg,1
483.jpg,4
138.jpg,5
286.jpg,3
432.jpg,5
137.jpg,1
186.jpg,1
59.jpg,1
378.jpg,5
440.jpg,2
567.jpg,4
347.jpg,3
263.jpg,4
367.jpg,5
38.jpg,4
496.jpg,1
133.jpg,5
50.jpg,3
385.jpg,3
685.jpg,5
55.jpg,5
603.jpg,4
185.jpg,5
91.jpg,1
225.jpg,3
47.jpg,0
